golden_id,pair_id,customer_tweet_id,customer_text,reference_reply,intent,should_escalate,escalation_reason,notes
0,39351,558577,Hey I tried taking up your annual subscription offer but can't find where to go ahead with it after tapping the link in the app. Can you help?,"Hey Matt, help's here! Just to check, did you use the link here: Keep us posted /CG",subscription_plan,True,needs_account_access,"Sign-up flow for the annual plan. Brand answered in-thread with a link, but completing a purchase is an account+money operation; the taxonomy explicitly accepts pure how-to plan questions as the cost of this boundary."
1,18396,2939,"this layout looks nice, but really isn’t friendly to left handed users.. my thumb isn’t long enough to hit play!","Hey! We hear you 🎧 Rest assured, your feedback will be passed on to the right folks /RH",feature_request,False,none,"Design change request (left-handed layout), not a bug: nothing is broken. Weak label said other; brand's reply is the standard 'we'll pass your feedback on'."
2,22426,1746277,"could care less, their page is a PR stunt. They ignore emails and messages also.","Hey, sorry to hear about this. We've just sent you a DM with some more info /Q",other,True,out_of_scope,"Rant about the brand's responsiveness with no support content. Brand DM'd anyway, but there is nothing here to fix. Weak label agrees."
3,19664,1990826,Hey put some vampire weekend on the steve harrington morning hair playlist please thanks,"Hey! Our Curation team are independent & use taste, data, research, and trends to create playlists, but we’ll pass on your suggestion /AR",other,True,out_of_scope,"Asks for a song to be added to a Spotify editorial playlist - a curation suggestion, not the customer's own library. Weak label said library_playlist_issue; disagree (not their playlist, nothing lost)."
4,17272,2497513,put one step at a time back on spotify. now.,Hey! Sometimes content gets temporarily removed because of licensing changes. Hopefully we'll have it available again soon /NS,content_availability,False,none,Track pulled from the catalogue; standard licensing explainer applies.
5,26577,2350990,Hi when are you adding Wanna One's 1-1=0 Nothing Without you album?,"Hey! Fingers crossed we'll be able to have it soon, but there's info about Spotify content here: /KL",content_availability,False,none,Release-date question about an album not yet on Spotify.
6,19911,1498038,Spotify doesn't have the new Sufjan Steven songs and I'm just like...,Hey there! Are you looking for a specific song/album from Sufjan Steven? Can you also let us know which country you're currently in? /MA,content_availability,False,none,"Catalogue gap for a specific artist. Weak label said other; disagree, the subject is plain."
7,18198,1969929,Why does Spotify not sync to Facebook anymore?,Hi Bilal. What's happening exactly? Can you DM us your account's email address or username? We'll take a look under the hood /ME,app_bug,True,needs_account_access,"HARD CALL. Facebook sync stopped working: an integration failure, so app_bug rather than feature_request (they ask why it broke, not for a feature). Brand did not understand it either and pulled it into DM for the account, so the reference-reply tiebreak escalates it. Weak label said library_playlist_issue; disagree."
8,31249,141186,"Hello, can you please help? I have lost my debit card therefore cancelled it. And obviously my Spotify payment hasn't gone through how do I update the details when my new debit card comes through? Can I do it on the app?",Hi! Help's here. You can find out more info on updating your payment details here: Let us know if there's anything else we can help with /SV,billing_and_refund,True,billing_dispute,"Payment failed after the card was cancelled; asks how to update payment details. Money, so billing beats the how-to framing (tie-break 5). Brand answered in-thread with a help link. Weak label said library_playlist_issue, a keyword artefact of the word 'lost'."
9,36256,2913873,Can't connect! Neither on Wi-Fi or Network data!,"Hey, thanks for the report. We had a little hiccup earlier but everything should be running just fine now. Let us know if not! /LP",app_bug,False,none,'Can't connect on Wi-Fi or data' - client cannot reach the service; brand confirms a transient outage. Weak label said other; disagree.
10,31593,2793286,my account got charged twice in 5 mins... whyyyy?,Hey there! Can you DM us your username or email address? We'll take a look backstage /NH,billing_and_refund,True,billing_dispute,Double charge. Weak label agrees.
11,34058,2073649,Really hope give us all the music facts about our 2017 music like they did a couple of years ago !!,"We hear you loud and clear, Ellen! We can’t make any promises but we’ll pass your feedback onto the right folks 🙂 /NJ",feature_request,False,none,Wants the year-in-review music stats brought back - a retired feature. Weak label said other; disagree.
12,26250,2311296,It’s been 10 days since the iPhone X released and still hasn’t updated its app to support the screen size. C’mon man.,Hey! We’re working on it as we speak. Stay tuned for any updates /YM,feature_request,False,none,"HARD CALL. The app runs, it just has not been adapted to the iPhone X screen. Missing device support that does not exist yet = feature_request, not app_bug (weak label); the brand's 'we're working on it, stay tuned' is the roadmap answer, not a diagnostic. Labelled the same way as row 39."
13,23094,2116861,"hi i live in the USA and theres a song on Seventeen’s new album that is listed but wont play. i, along with everyone else, is unable to listen to the song. please advise.","Hey there! We’d love to have all of their stuff available, but we have some info about content here: /GK",content_availability,False,none,"HARD CALL. Track is listed but will not play for anyone in the country - a licensing/greyed-out catalogue problem, not the customer's device. Brand answers with the content/licensing page, confirming the read. Weak label said playback_issue; disagree."
14,29970,2647472,hi just wanted to ask when will Perfect Velvet come out on Spotify?,"Hey! We don't have any info on this yet. Fingers crossed we'll be able to have it soon, but there's info about Spotify content here: /MO",content_availability,False,none,Release-date question.
15,38882,504287,WHY IS POST MALONE’S NEW ALBUM NOT ON SPOTIFY YET???????,"Hey Maddy! Fingers crossed we'll be able to have it soon, but there's info about Spotify content here: 🙂 /JI",content_availability,False,none,"Album not in the catalogue yet. Shouting is frustration, not abuse."
16,36115,2909843,Why doesn’t have a help number?!?,Hey Alex! We currently don't offer phone support but are more than happy to help you out here. Can you tell us what's going on? /TF,other,True,ambiguous,"Asks why there is no support phone number. No product issue is stated, so the intent is other; the reason is ambiguous rather than human_requested because the message complains about a channel without actually asking for a person - the same reading given to the '#notelephonesupport' jab in row 125. Weak label agrees on intent."
17,19202,1422430,Hi! Continual beeping happens when I go into Windows Desktop App so can't listen to music.When I try&uninstall it won't let me,Hi Vicki! Help's here. Can you try restarting your computer to see if it makes a difference? /MU,app_bug,False,none,Windows desktop client beeps continuously and will not uninstall. Weak label agrees.
18,17348,2512959,"Hey I see you're in Indonesia and Singapore.... India is just a couple of hours away, come visit, you'll like it here.. 🙂",Hey there! We're launching in new countries as often as possible. Be sure to add your email at /NS,content_availability,False,none,Country-launch request (India). The taxonomy merges country launches into content_availability; the brand's reply is the launch-mailing-list answer. Weak label said other; disagree.
19,35671,2867776,super ridiculous that I have to make a twitter account to tech support. please DM asap in regards to an account that no longer should be being billed,"Hey David, sorry you feel that way. We're unable to send you a DM, so would you mind sending us one with info on the issue you're having? Just click on the link below /RH",billing_and_refund,True,human_requested,"Still being billed after cancelling AND explicitly asks the brand to DM. The explicit human/DM request outranks the money reason in the guide's ordering. The opening jab is frustration, not abuse."
20,25377,2276265,why did you bump me off my family account. I live with my family I am just on vacation. Put me back please,"Hi Bernice, that doesn't sound good! Can you DM us your account's email address or username? We'll see what we can do /GT",subscription_plan,True,needs_account_access,Removed from a family plan; account state. Weak label agrees.
21,31014,2751318,if I’m paying $10.68/month can y’all at least get the rights to Lemonade,"Hey! We're working on it, and we hope to have it available soon. There's more info here: /CE",content_availability,False,none,WEAK-LABEL TRAP. The price is rhetorical framing; the actual ask is to license an album. Weak label said billing_and_refund on '$10.68' and 'paying'; disagree - no charge is disputed.
22,21712,1695220,"The Spotify web player is not working in Google Chrome. Sends me to a ""Bad Request"" page.",Hi Charlie! We're here to lend a hand. Does clearing your browser's cache/cookies help? /CP,app_bug,False,none,Web player returns Bad Request in Chrome; brand suggests clearing cache. Weak label agrees.
23,24463,2225668,"why do my downloaded albums keep being undownloaded? Samsung S7, upto date Android.",Sorry to hear that! Check out the steps under “Downloads unexpectedly removed” at They should help with this /DR,library_playlist_issue,False,none,Downloaded albums keep un-downloading - the customer's own saved content; brand links the 'Downloads unexpectedly removed' article. Weak label said app_bug on the device words; disagree.
24,24402,2215894,They add Cakes new album on Spotify but a bitch still waiting on Beyoncé’s lemonade album come on,"Hey Henny! We're working on it, and we hope to have it available soon. There's more info here: /DD",content_availability,False,none,"Catalogue gap. 'a bitch' is self-referential AAVE, not abuse aimed at staff - not labelled abusive."
25,32439,649925,"I am trying to add information to my account. But when I press save changes, it gives me a warning that my email is already in use and doesn't save the changes.","Hey Jennifer! That doesn't sound good. Can you DM us with your account's current email address, along with the email address you'd like to change it to? We'll take a look backstage /QI",account_access,True,needs_account_access,"Cannot save a new email: it is already in use on another account. An identity/ownership problem, not a client bug, and the brand asks for both addresses in DM. Weak label said other; disagree."
26,32408,642123,loving the new album but Low Key and Loose Change are cut short on . Anyway you can contact ?,Hey there! Can you send us the Song Links for both tracks? Just tap the three dots > Share > Copy Link. Keep us posted /LM,content_availability,False,none,"Two tracks are truncated for everyone - a bad master in the catalogue, so content_availability rather than playback_issue; the brand asks for song links, which is the catalogue-report flow."
27,32382,639958,why is acid rap not on ??? 🙃 lil chano pls,"Hey there! We’d love to have all of his stuff available, but we have some info about content here: /JP",content_availability,False,none,Catalogue gap. Weak label said other; disagree.
28,32092,619734,how do i cancel my spotify?,"Hey, help's here! Can you DM us your account's email address? We'll see what we can suggest /GK",subscription_plan,True,needs_account_access,'How do I cancel' is phrased as a how-to but is an account operation - tie-break 5. Brand asks for the account in DM. Weak label agrees.
29,33466,145942,"When will you step up and be available in Serbia, I’m trying to catch up with BTS.","Hey Joseph! We're afraid we don't have much info on this, but we're launching in new countries as often as possible. Be sure to add your email at to be first to hear when we've reached you /AY",content_availability,False,none,Country launch (Serbia). Weak label said other; disagree.
30,38132,447869,"Hi, I am unable to login on the web player! I am on Chrome and I have mac os high sierra :(","Hey! Do you get an error message when trying to log in? If you do, can you send us a screenshot of it? /SJ",account_access,True,needs_account_access,"Cannot log in to the web player. Brand asked for a screenshot in-thread rather than DMing, but account_access always escalates - no agent can verify a login without the account."
31,25224,2275397,"Hey and , why did you cancel my Hulu premium student subscription through Spotify? I no longer have access to Hulu through my Spotify account!",Hi Jordan! Help's here. Can you DM us your account's username or email address? We'll check things backstage /MU,subscription_plan,True,needs_account_access,Hulu bundle attached to a student plan was cancelled; plan state. Weak label agrees.
32,23903,2183097,it’s been three days....still haven’t answered DMs,Hey! We've just replied to your DM. We'll carry on chatting there /K /K,other,True,human_requested,"Chasing an unanswered DM thread: no content to act on, and a human already owns the conversation, so human_requested rather than ambiguous. Labelled the same way as row 114. Weak label agrees on intent."
33,23006,2095076,get more ben fankhauser stuff,"Hey there! We’d love to have all of his stuff available, but we have some info about content here: /GK",content_availability,False,none,Terse catalogue request ('get more <artist> stuff'). Weak label said other; disagree - the ask is clear enough.
34,37647,2976797,"yo, I’ve closed the app, restarted my phone, even logged out but old mate in the red keeps popping up. All details are correct because I went, checked & fixed it up. Also thE photos where taken within ten minutes of each other. I had to crop cause personal details.",Hey! Can you DM us your account's email address or username? We'll take a look backstage /RH,account_access,True,needs_account_access,Cryptic: another person's profile keeps appearing despite re-login and corrected details. Account identity problem; the brand needed the account. Weak label agrees.
35,39001,510519,"got a Spotify update today on Windows 7, now the client doesn't open. Missing DLLs. CANT UNINSTALL. Reinstalling didn't solve. I'M SO MUCH TRIGGERED","Hey there! Don't worry, we're here to help. Can you send us a screenshot of how the issue looks like on your end? We'll see what we can suggest /MT",app_bug,False,none,"Windows client will not open after an update (missing DLLs) and will not uninstall. 'TRIGGERED' is frustration, not abuse. Weak label agrees."
36,38910,506027,How can I purchase the $99 yearly sub with gift cards?,"Hi Jacob! You'll need to use a recurring payment method that's available when signing up for a standard Spotify subscription, such as PayPal or a debit/credit card. Hope this clears things up /WW",billing_and_refund,True,billing_dispute,"HARD CALL. Buying the yearly plan with gift cards: the obstacle is the payment method, so money beats plan (tie-break 2). Nothing is actually disputed, but billing_dispute is the enum's only money category. Brand answered fully in public - this is the accepted cost of escalating the whole money class. Weak label said how_to_question; disagree per tie-break 5."
37,25202,2275438,how long does it take you to get a new song on?? This is frustrating been with you since 2013 and getting bored of this 😴 #boame,Hey! Some licensing agreements can affect music availability. More info here: Let us know if you need more help /NY,content_availability,False,none,"'How long does it take to get a new song on' is about the catalogue, not about using a feature. Brand answers with the licensing page. Weak label said how_to_question; disagree."
38,23280,2135059,You guys should collab with to make a snap filter that displays what song the device is currently streaming on #Spotify,Hey Richard! We can see how that’d be useful! You can vote for the official idea here: /JX,feature_request,False,none,Wants a Snapchat now-playing filter built. Weak label said playback_issue on 'streaming'; disagree.
39,25623,2295223,you really released a new update but didn’t update your app for iPhone X? Apple Music sounding better and better all the time 💁🏻‍♂️💁🏻‍♂️💁🏻‍♂️,Hey Brandon! We understand - we’re working on it as we speak. Stay tuned! /BH,feature_request,False,none,"iPhone X screen support missing; same call as row 12. Weak label said app_bug; disagree - nothing is broken, the adaptation does not exist yet."
40,39486,567177,hello please bring back my babies album(s) back online so i can hear them sing thank you,"Hey, help's here! Can you tell us the artist/albums you're looking for? We'll see what we can suggest /JS",content_availability,False,none,Asks for albums to be put back online; brand asks which artist but the class is clear.
41,21814,2028714,Where do I get the code for the presale??,Hi Brittany! Pre-sale codes are being sent out by email to some of Blake Shelton's biggest fans on Spotify. Hopefully you're one of them /JP,other,True,out_of_scope,"Where to get a presale code for an artist promotion. The surface test decides it: concert presales and ticketing are not the Spotify product, so other/out_of_scope regardless of how the brand replied. Weak label said how_to_question; disagree."
42,36927,2928675,I have an artist issue. DM me plz & thnx :(,Hi there! We've just sent you a bit more info over DM. We'll carry on helping out there /NQ,other,True,human_requested,"'I have an artist issue. DM me plz' - explicit DM request plus no content. Artist matters are out of scope anyway, but the explicit human request is the higher-priority reason. Weak label said content_availability on the word 'artist'; disagree."
43,37240,2948922,deleted my music library🙃,"Hey, that's not cool! Can you DM us your account's username or email address? We'll see what's happening backstage /JM",library_playlist_issue,True,needs_account_access,"HARD CALL. 'deleted my music library' - terse, and the brand's reply is a pure 'DM us your username or email' deflect with no published fix in it. Guide rule (b)9 applies whatever the intent looks like: where the brand needed the account, so does the agent. Escalated on review; it was first labelled none on the argument that the recovery page is the obvious answer, which read the intent rather than the reply. Weak label agrees."
44,35212,2828375,I need to send you a message regarding the charges to me.,Hey there! Could you send us a DM with your account's email address? We'll take a look backstage /MA,billing_and_refund,True,human_requested,"'I need to send you a message regarding the charges to me' - an explicit ask to take the conversation to a person, which outranks the money reason in the guide's ordering, same as rows 19 and 138. Weak label agrees on intent."
45,40135,601852,"dear , please make a way for me to block taylor swift. #ruinedplaylists","Hey! We're afraid that's not possible right now, but we have more info about this on our Community. Check it out: /NJ",feature_request,False,none,Wants an artist-blocking feature that does not exist. Weak label agrees.
46,28486,2536624,"is spotify programmed to turn on and start playing the same time everyday, because mine seems to do that","Hey Kody, help's here! Could you let us know what device, operating system, and version of Spotify you're using? We'll see what we can suggest /JT",playback_issue,False,none,"Music starts playing by itself at the same time daily. Playback behaving on its own rather than the client crashing, so playback_issue; brand asks the device/OS/version diagnostic. Weak label agrees."
47,37655,2979812,"Hi, I made a mistake. I meant to upgrade from single premium to family premium and I was charged for both, I think. Kindly advise. Thank you",Hi Edwin! We've just replied to your DM. Let's continue chatting there /JL,billing_and_refund,True,billing_dispute,Charged for both single and family Premium after an upgrade. Both intents present; money beats plan (tie-break 2). Weak label agrees.
48,27522,2442045,Why is there no sleep timer on the app 😐😐😐,Hey Claire! A sleep timer is a great idea. Help make it happen by adding support here: 😉 /CH,feature_request,False,none,Wants a sleep timer; brand points at the idea vote. Weak label said other; disagree.
49,22796,1770723,"Hey , if there's a big volume change since the last time I played music maybe don't start playing at the new volume? I like my ears continuing to work.","Hey Aaron! We have some more info at If you have any other questions, just give us a shout 🙂 /KC",feature_request,False,none,"Suggests the player should not resume at a changed system volume - a design change, nothing broken. Weak label said playback_issue; disagree."
50,39366,560011,". Please review your choice of ads. It's 2017, there's no need to use lazy casual sexism...I'm pretty sure men can think for themselves! #pandorad",Hi Christine! Thanks for reporting. Could you DM us a link to the material in question? We’ll take a look /QI,other,True,safety_legal,"HARD CALL. Reports sexist advertising content and asks the brand to review it. No support resolution, so intent is other; the reason is safety_legal because a discrimination complaint is a human/trust-and-safety matter (the enum has no content-moderation category) and the brand DM'd to collect the material. Weak label agrees on intent."
51,37514,2968472,Hey what's going on the past couple days? It's crashing all the time. Not amused with a premium account that doesn't play any music #silence,"Hey Danielle, that doesn't sound right. Can you let us know the device, operating system, and Spotify version you're using? We'll see what we can suggest /RH",app_bug,False,none,Client crashing repeatedly; brand asks for device/OS/version. Weak label agrees.
52,17777,1962205,"For the last few days, if I'm playing the PC app, I'm getting notifications on my phone when a new song starts. Please help!!",Hey Dana! What OS and Spotify version are you running on each device? We'll see what we can suggest /BH,app_bug,False,none,"Phone shows a notification every time a new song starts on the desktop app - unwanted client behaviour, not audio failing. Weak label said playback_issue; disagree."
53,18154,1969645,I'm a podcast lover w/ a suggestion: if I'm using bluetooth & get a phone notification can you pause so I don't miss anything?,"Hey Sydney, this sounds like a great idea! Suggest it in our Community at and get support from other users /PK",feature_request,False,none,Suggests auto-pause on a phone notification over Bluetooth. Weak label agrees.
54,32192,634040,Can someone please help me - I can't log into my account and all 'help' isn't very helpful - anyone live I can speak with?,"Hey Theresa, help's here! Could you DM us your account's email address and username? We'll take a look backstage /CG",account_access,True,human_requested,Cannot log in AND asks 'anyone live I can speak with' - the explicit human request outranks needs_account_access in the guide's ordering. Weak label agrees on intent.
55,35860,2890071,"i heard that spotify is supposed to release in romania today,is it true?",We're launching in new countries as often as possible. Be sure to add your email at /MX,content_availability,False,none,Country-launch rumour (Romania); brand gives the launch mailing-list answer. Weak label agrees.
56,25107,2264849,"Hi ! I'm having issues getting my spotify account set up with Hulu. I keep getting this error ""We’re having trouble authorizing your account with Spotify. Please contact Spotify support to help resolve this issue."" Help please!!","Hey, help's here! Could you DM us your username and email address? We'll take a closer look /JQ",subscription_plan,True,needs_account_access,Hulu bundle will not authorise against the Spotify account - plan activation. Weak label agrees.
57,20712,1583960,get mixtapes please 🙏,Hey! We’ve got some info about mixtapes here: /DF,content_availability,False,none,Asks for mixtapes in the catalogue; brand answers with the mixtapes info page. Weak label said other; disagree.
58,34508,466056,"hey there I am having problem on my app, the advertisement just keep popping out and I could not close it, until I kill the app and boot again, the problem continue happening","Hey, the cavalry's here! What's the exact device, operating system, and Spotify app version you're using? Can you also send over a screenshot of the ad you're getting? We'll do our best to help out /NJ",app_bug,False,none,"An ad cannot be dismissed and forces an app restart - client bug, and the brand runs the app_bug diagnostic. Weak label said other; disagree."
59,40124,595178,Hey guys I’m already a premium subscriber. How do I say yes to the special 99$ yearly rate ending 12/31. ? Thx.,Hey there! Can you DM us your account's email address? We'll see what we can suggest /MV,subscription_plan,True,needs_account_access,"Existing Premium subscriber asking how to move to the annual rate: a plan switch, so subscription_plan (contrast row 36, where the obstacle was the payment method). Weak label said how_to_question; disagree per tie-break 5."
60,21641,1695246,Is the web player down right now? Just getting a black screen or the login screen...,"Hey, that's odd! Does clearing your cache/cookies help? You might also want to try using an incognito window. Let us know how it goes /KL",app_bug,False,none,"Web player shows a black screen; brand suggests cache/cookies and incognito - in-thread fix. Weak label said account_access because the word 'login' appears; disagree, they are not locked out."
61,23000,2095032,"How do I remove a playlist that just says ""Loading..""? A right click and ""Unfollow"" does nothing.","Hi there! Can you let us know the device, OS, and Spotify version you're running? We'll see what we can suggest /RE",app_bug,False,none,"BORDERLINE. A playlist stuck on 'Loading..' cannot be unfollowed - the client is not responding to the action, so app_bug rather than library_playlist_issue (nothing is lost) and not how_to_question (they know the step, it fails). Weak label agrees."
62,34987,2813982,You what would be great? If you could pay the monthly via Google play wallet.,Hey there! We can see how that’d be useful! You can vote for the official idea here: /FR,billing_and_refund,True,billing_dispute,"Wants to pay monthly through Google Play wallet, which is not a supported payment method. A question about an unsupported or unavailable payment method is billing_and_refund (tie-break 10), the same call as rows 36 and 129; the earlier feature_request reading treated the missing method as a missing feature. Weak label said feature_request; disagree."
63,28184,2508323,"I belong to premium for family, but my phone reset all the apps,I can't access to my premium acct I can't listen what I want plus I have to listen the ads.I got the invitation from My brother but when I sign in takes me to the same account. What can I do?",Hey Jennifer! We're here to help. Can you DM us your account's email address? We'll take a look under the hood /AN,account_access,True,needs_account_access,"Sign-in lands on the wrong account after a phone reset, so they are locked out of their family Premium. Primary blocker is access; the family invite is the second issue. Weak label agrees."
64,30825,2754876,"Hi, I have recently moved to Norway from Sweden, can't change country or card details (cancelled old bank card). Please help.","Hey Magnus, help's here. Could you DM us your account's email address? We'll take a look under the hood /WP",subscription_plan,True,needs_account_access,"CLOSE CALL with billing_and_refund. Moved country and cannot change either the account country or the (cancelled) card. No money has moved and the lead complaint is the country/plan setting, so subscription_plan; payment details noted as the second issue. Weak label agrees."
65,23781,2165470,your shuffle sucks. This is on a playlist with 350+ songs. I have probably 10 songs by Betty Who and four in a row on a playlist of this many songs should never happen. This is not the first time this has happened. Please fix your shuffle. I’m sick of it,Hey Emily! We’ve recently made some improvements to our shuffle algorithm. We’d love to hear your feedback here: /RS,playback_issue,False,none,"Shuffle repeats artists on a large playlist - playback behaviour the customer considers broken (playback borderline ruling 2), not a feature request. Weak label agrees."
66,28760,2558868,"When I️ try to update my payment details so I️ can keep my premium account I️ fill out my card details, press continue, and it just keeps loading and never goes through. This has happened multiple times on different days and different computers. Please help!","Hi Hannah! We'll help out, don't worry. Can you send over the username or email address on your account via DM? We'll take a look backstage /GN",billing_and_refund,True,billing_dispute,"Updating card details to keep Premium: the form never completes. Money operation, so billing beats the 'keeps loading' app symptom; brand DM'd for the account. Same call as row 8. Weak label said app_bug; disagree."
67,29567,2618564,i’m going to school if perfect velvet isn’t on your app by the time i get home,"Fingers crossed we'll be able to have it to you soon, but there's info about Spotify content here: /KM",content_availability,False,none,"Joke framing, real catalogue ask (a specific album). Brand answers with the content page. Weak label said other; disagree."
68,31951,2809551,"my student account got deactivated until I reset my student status and now my hulu will not work, nor can I activate hulu to fix it (hulu cannot verify my spotify account or something)",Hey there! Could you send us a DM with your account's email address or username? We'll take a look backstage /LO,subscription_plan,True,needs_account_access,Student status reset deactivated the plan and broke the Hulu bundle. Weak label agrees.
69,21568,2024656,received email asking my to follow link to change spotify password. is this real or phishing?,"Hey Mick, help's here! Can you DM us your account's username and email address along with a screenshot of the email? We'll take a look /MQ",account_access,True,safety_legal,"HARD CALL. Asks whether a password-reset email is phishing. Intent is account_access, but the reason is safety_legal: this is a fraud/security question and the highest-harm row in the batch - a confident wrong answer could walk someone into a phishing link. Weak label agrees on intent."
70,36602,2920719,Your web player fucking blows.,"Hi there, thanks for bearing with us! We had a little hiccup earlier, but everything should be running just fine now /JS",other,True,ambiguous,"HARD CALL. 'Your web player fucking blows' - a content-free rant with no symptom, so other. Deliberately NOT labelled abusive: the guide counts profanity aimed at the product as frustration, and abuse only when aimed at a person. The deterministic pre_check rule does fire 'abusive' here, so this row is a known labeller/rule disagreement. Weak label said app_bug; disagree, nothing is reported."
71,27425,2433025,should know which songs are interludes...stop putting them on daily mixes thx,Hey Madison! We'll let the right folks know it's something you'd like to see. Let us know if there's anything else we can help you with /BH,feature_request,False,none,Wants interludes excluded from daily mixes - an algorithm change request. Weak label said other; disagree.
72,38994,510478,would be nice to have playlist specific shuffle settings.,Hey Bruno! We can see how that’d be useful. You can show your support and vote for the official idea here: Give us a shout if you need anything and we'll come running 🏃 /JZ,feature_request,False,none,"Wants per-playlist shuffle settings. Weak label said playback_issue; disagree, nothing is broken."
73,38843,500998,How do i change from my Premium acct to the $99 yearly Premium deal?,"Hey Teddy, help's here! Could you DM us your account's username and email address? We'll see what we can suggest /DQ",subscription_plan,True,needs_account_access,Plan switch to the annual deal; same call as row 59. Weak label said how_to_question; disagree per tie-break 5.
74,18927,1983084,"I need the cover of The Chain to be available on , someone make this happen pls","Hey Hannah! Fingers crossed we'll be able to have it soon, but there's info about Spotify content here: /MS",content_availability,False,none,Wants a specific cover version in the catalogue. Weak label said other; disagree.
75,32495,654614,put back the songs on by netnobody or contact him. This is inexcusable,"Hi there! We’d love to have all of their stuff available, but we have some info about content here: Give us a shout if you need anything else /WW",content_availability,False,none,Tracks pulled from the catalogue. Weak label agrees.
76,21258,2020872,"Will my USA-based account work while I'm traveling in Europe. If not, what do I do for music?",Hey! The cavalry's here. Can you DM us your account's username or email address? We'll take a look under the hood /JS,how_to_question,True,needs_account_access,"HARD CALL. 'Will my USA account work while travelling in Europe?' is a service-usage question, so how_to_question - but the correct answer depends on whether the account is Premium or free, and the brand pulled it into DM. Escalated via the reference-reply rule. This row is exactly the weakness the taxonomy flags for how_to_question (28.5% of them still go to DM). Weak label agrees on intent."
77,24930,2246055,as an artist who do we contact at spotify to get them to separate an artist profile/identity from another artists w/the same name?,Hi! We’d recommend reaching out to your distributor/aggregator. They'll work with our team to make sure this gets fixed up /DN,other,True,out_of_scope,"Artist asking how to split a shared artist profile. Real issue, different product surface (Spotify for Artists); the taxonomy explicitly folds artist_or_royalty_issue into other. Weak label said content_availability; disagree."
78,19997,1996450,But when can I block Ch*** B***n (or artists in general) on from showing up in my rec'd list?,"Hey Heather! This isn't possible right now, but you can show your support for the idea on our Community: /DQ",feature_request,False,none,Wants the ability to block an artist from recommendations - does not exist. Same call as row 45. Weak label said content_availability; disagree.
79,32291,645105,"hi, hello there. I just want to know why my account subscription payment already expired in 7 days and i must pay again for premium subs?? I didnt change anything on my regular payment before, can you help me?","Hey there, help's here! Could you DM us your account's email address and username? We'll take a look backstage /CG",billing_and_refund,True,billing_dispute,Questions why the subscription payment expired early and must be paid again - a charge-cycle dispute rather than a plan change. Weak label agrees.
80,16988,929832,"Hi all, thought you'd like to correct your bio on from ""White"" to 'Wise'",Hey there! What's happening exactly? Could you let us know the device/OS you're using? We'll see what we can suggest /DF,other,True,out_of_scope,"Reports a typo in an artist bio. Not availability, not a client bug - a catalogue-metadata correction, adjacent to the artist/royalty matters the taxonomy folds into other. The brand misread it and asked for a device. Weak label agrees."
81,21164,2015264,hi i just had a text from you to say i need to confirm my subscription of £9.99 per month when I didn't sign up? it looks legit,Hi Laura! Could you DM us a screenshot of that text and the best email address we can contact you on? We'll take a look /NJ,billing_and_refund,True,safety_legal,"A text asks the customer to confirm a GBP 9.99 subscription they never signed up for. Intent is the unauthorised charge; the reason is safety_legal because this is most likely a phishing/fraud attempt - same call as row 69. Weak label said subscription_plan; disagree, money is the substance."
82,19395,1448200,hope you'd have afeature of translating songs by letting listeners or your team do it. Found a myanmar song but can't understand it,Hey there! Thanks for your feedback. We'll make sure this gets passed on. Have a good day 🙂 /DB,feature_request,False,none,Wants song-lyric translation built. Weak label agrees.
83,22667,1765370,I was charged the normal rate when I've had the student rate for 2 years.,Hi there. Can you DM us your account's email address? We'll take a look backstage /LM,billing_and_refund,True,billing_dispute,"Charged the full rate after two years on the student rate. Money moved, so billing beats the student/plan framing (tie-break 2). Weak label agrees."
84,20081,1541248,"spotify should have full credit/historical background on everything from mastering, to album art, to where it was published etc",Hi there! This sounds like a great idea. Suggest it in our Community at and get support from other users 🙂 /GN,feature_request,False,none,"Wants full credits and production metadata shown; brand points at the idea vote. Weak label said content_availability; disagree, the catalogue is not missing anything."
85,25878,1492579,when will you extent yourself to South Africa Please 😩😩🙏🏽🙏🏽🇿🇦,Hi there. We're launching in new countries as often as possible. Be sure to add your email at /QI,content_availability,False,none,Country launch (South Africa). Weak label said other; disagree.
86,35114,2822014,"please review this complaint, there are thing being said that you guys aren’t bothering to read,","Hey! Rest assured that we're taking all feedback into consideration, but we're afraid the discount is currently only available to users who are actively in term at their college/university. We're aiming to get every school on board, so keep checking our website for updates 🙂 /MA",other,True,ambiguous,"HARD CALL. 'Please review this complaint' with no subject. The brand's reply reveals a student-discount thread, but nothing in the message says so and the agent will never see the reply, so the honest ground truth from the message alone is ambiguous. Weak label agrees."
87,23474,2139018,"Dear - I can only hit ""thumbs down"" so many times. How can I add a #NeverPlayEddieMoney rule?","Hey Michael! Hey This isn't possible right now, but you can show your support for the idea in our Community: /AR",feature_request,False,none,Wants a never-play-this-artist rule - does not exist. Same call as rows 45 and 78. Weak label said how_to_question on 'how can I'; disagree.
88,29581,2620050,How bout you acquire streaming to the #AppleWatchSeries3,"Hi, thanks for reaching out! Check out the official idea and add your vote to let our devs know it's something you'd like to see: 😉 /GT",feature_request,False,none,Wants Apple Watch streaming support. Weak label said playback_issue on 'streaming'; disagree.
89,22988,2689073,so uHhhHh ever gonna let me listen to hello by seventeen,"Hey Alma! Fingers crossed we'll be able to have it available soon, but there's info about Spotify content here: /JT",content_availability,False,none,Catalogue gap for a specific track. Weak label said other; disagree.
90,29430,2613415,Can I get a 30 day free trial if I upgrade to premium with UNIdays as I am a student and want to try before I buy?,Hi Hannah! We'd like to check your account backstage. Could you DM us your email address? We'll be waiting here /NY,subscription_plan,True,needs_account_access,Student plan plus trial eligibility - plan state and a policy exception. Weak label agrees.
91,26162,2308408,if made a feature where you could listen to what the people around you are listening to that would be so amazing to me,"Hey Sara, this sounds like a great idea! Suggest it in our Community at and get support from other users 🙂 /CH",feature_request,False,none,Wants a nearby-listeners feature. Weak label agrees.
92,20868,1598313,iPhone X app optimization coming soon?,"We don't have any info on this right now, but we'll let the right team know it's something you'd like to see /JS",feature_request,False,none,"iPhone X optimisation timing; same call as rows 12, 39 and 116. Weak label said other; disagree."
93,39590,567961,how come the invitation to join my families Spotify premium isn’t sending??? 😤😭😢 they’ve tried to email it to me 5 million times. HELP I NEED MA PREMIUM BACK,"Hey Kalley! The cavalry's here. Can you DM us the plan owner's email address, as well as yours? We'll take a look under the hood /KB",subscription_plan,True,needs_account_access,Family plan invite is not arriving. Weak label agrees.
94,26159,2308414,"so why did I make a Playlist yesterday and now all the songs just changed? The suggested songs are songs that fit to the actual Playlist, but the songs in the Playlist I've never listened to.","Hey Kaden! Suggested tracks are part of our Free service on mobile, but you can reduce them by adding more artists into your playlists /RH",library_playlist_issue,False,none,"Their own new playlist filled with suggested tracks. The brand's answer is the published explanation of suggested tracks on the free tier - in-thread, no account needed. Weak label agrees."
95,28082,2504228,why have I gotta be on your Beta programme to get an optimised app for my iPhone X?,"Hi there! It's not necessary, but it would be a great help for us to optimize the app on iPhone X as soon as possible. We hope that clears things up /JM",feature_request,False,none,"Asks why iPhone X optimisation requires the beta programme - same device-support cluster as rows 12, 39, 92 and 116, phrased as a complaint. Weak label said other; disagree."
96,32095,619736,"can yall like put pentagon demo_02 on spotify already, i know it came out like an hour ago but I JUST WANT TO SUPPORT MY BOYS","Hey there! We’d love to have all of their stuff available, but we have some info about content here: /JP",content_availability,False,none,New release not in the catalogue yet. Weak label agrees.
97,36340,2916586,Hey why are you loadinggggg ? I’m dying at work over here,Hey Kim! Everything should be running smoothly now. Let us know if this is still happening /GS,app_bug,False,none,Client stuck loading during a service wobble; same call as row 9. Weak label said other; disagree.
98,36546,2919260,is ur website down cant get my play list,Hey Craig! Thanks for letting us know. Everything’s looking good on our end now - are you still having this issue? /FR,app_bug,False,none,"Asks whether the website is down. The playlist is mentioned but the blocker is the site, so app_bug not library_playlist_issue (tie-break 3). Weak label said other; disagree."
99,26074,2306616,"I was logged out of spotify, when I logged back in my username was replaced with a bunch of numbers, all of my library and playlists were gone and premium was also gone, this also reactivated my facebook which was not linked, please help","Hey there, that doesn't sound right! Could you DM us your Spotify account's email address? We'll take a look under the hood /BH",account_access,True,needs_account_access,"HARD CALL. After a logout the username became a random string and library, playlists and Premium all vanished, with Facebook re-linked. The lost library is a symptom; the root cause is that they are in the wrong/duplicated account, which only a human with the account can untangle. Weak label said library_playlist_issue; disagree."
100,27831,2473667,"new to Spotify, why is this my username and why can't I change it?!","Hi there! Right now, it's not possible to choose a username at sign-up, but you can add a display name instead. Other Spotify users will see this name when they visit your profile. Let us know if you have other questions /GK",how_to_question,False,none,"'Why is this my username and why can't I change it' is a profile-settings policy question, not an access failure - the brand answers it publicly (usernames are auto-assigned, set a display name). Weak label said account_access on the keyword 'username'; disagree."
101,20390,1538209,an unknown device has somehow connected to my spotify. Can I get some help?,Hi! We’d recommend reaching out to our friends at Ticketmaster about this: /RB,account_access,True,needs_account_access,"An unknown device is connected to the account - a possible compromise, so the account must be checked. Note the reference reply is plainly wrong here (it sends the customer to Ticketmaster), which is exactly why the guide labels the message, not the reply. Weak label said other; disagree."
102,26130,2307509,will Taylor Swift put her new album Reputation on spotify? thanks,"Hi! Taylor Swift's 'Reputation' isn't available to stream just yet – stay tuned. For now, check out the singles: /NQ",content_availability,False,none,Album not yet on the service; brand gives the standard content answer. Weak label agrees.
103,34897,2736066,"someone hacked my account and I've lost my playlists, can I retrieve them?",Hi there! We’re sorry to hear that. Check out for what to do next /AK,account_access,True,needs_account_access,"HARD CALL. 'Someone hacked my account and I've lost my playlists.' Two intents; tie-break 1 gives it to account_access, and a hacked account is the highest-harm row type in the set. The brand answered with a self-serve link, but no agent should promise playlist recovery on a compromised account without looking at it. Weak label said library_playlist_issue; disagree."
104,39445,563490,Will Android ever get the swipe on the track ability to queue or add to saved music option? I would love it and so would a ton of others! Makes it easy to add in the car.,Hey there! We can see how that’d be handy. Thanks for taking the time to reach out – your feedback's been noted 📝 /NQ,feature_request,False,none,Wants swipe-to-queue on Android. Weak label agrees.
105,19977,1519382,Is Hypnotoad on yet?,"Hey! We’d love to have ALL the GLORY of HYPNOTOAD available, but we have some info about content here: /QI",content_availability,False,none,Joke catalogue request; the brand plays along and gives the content answer. Weak label said other; disagree.
106,39552,554118,"Hey, I'm currently buying premium per month, but want the yearly subscription offer you're doing. Do I need to cancel my subscription then resubscribe to do this?","1: Hey Nicola! If you're subscribed to Premium through our website, and using a recurring payment method such as a debit/credit card, you just need to cancel it at Afterwards, just head to to sign up for the annual...",subscription_plan,True,needs_account_access,"HARD CALL. 'Do I need to cancel and resubscribe to move to the annual plan?' is a pure how-to that the brand answered fully in public. Still escalated, because the whole subscription_plan class escalates and the taxonomy names this exact case as the accepted cost of the boundary. Weak label agrees."
107,30138,2670119,"can you please make it so that I can save more music to my account... for real... my collection isn't even that epic... I just listen to like 34093240983 things... I'll pay for that service, additionally. #MakeItHappen 👁️👁️","We hear you! We’d love to see your vote, and hear your feedback on this idea: In the meantime, just give us a shout if we can help you with anything else /DR",feature_request,False,none,"Wants a higher library save limit and offers to pay for it. Requesting a limit change, not reporting lost saves, so feature_request not library_playlist_issue. Weak label agrees."
108,29839,2645734,Don’t you just love it when deletes about half of your songs for no reason 🙃 how do I️ fix this ?!?!,Hi there! Help's here. Can you DM us your account's username or email address? We'll take a look under the hood /DN,library_playlist_issue,True,needs_account_access,"Half their saved songs disappeared and the brand's reply is a pure DM deflect for the account, with no published fix offered - guide rule (b)9, same as rows 43, 136 and 145. Contrast row 23, where the brand answered the same class of complaint in-thread with the 'Downloads unexpectedly removed' article and the row stays auto-handleable. Weak label said how_to_question on 'how do I fix'; disagree."
109,40040,594072,"Im trying to add a new account to my family account but it says the account is allready registered with facebook, however when i click the login with facebook button it says there's the facebookaccount is not registered with spotify","Hey Kris, help's here! Could you send us the account's email address via DM? We'll take a look and see what we can suggest 🔍 /DB",subscription_plan,True,needs_account_access,"CLOSE CALL with account_access. The operation is adding a member to a family plan; the Facebook-registration error is the symptom. They are not locked out of their own account (contrast row 63), so subscription_plan. Weak label said account_access; disagree."
110,32112,619680,accidentally revoked a 3rd party app and i can’t re-gain access to it. how do i gain access to it again??,Hey there! Can you let us know which third-party app you're referring to? We'll see what we can suggest /PB,how_to_question,False,none,"CLOSE CALL with account_access. They revoked a third-party app's access and want it back; app authorisations are account settings, but the fix is a published step the customer performs from the third-party app, and the brand handled it in-thread. Weak label agrees."
111,32261,622872,"Hey , I want to create a playlist selected from all the songs I have ever clicked ""Add to Queue"" - Can we access personal usage data, and would it include that data? Thanks!","Hey Jeffrey, we can see how that’d be useful! You can vote for the official idea here: Stay awesome 😁 /MX",feature_request,False,none,Wants a playlist built from queue history plus access to personal usage data; brand points at the idea vote. Weak label said playback_issue on 'queue'; disagree.
112,32902,694638,i can’t connect my wife with my family subscription plan. Please help,"Hey Ritchie, help's here! We've just replied to your DM. Let's carry on chatting there /DV",subscription_plan,True,needs_account_access,Cannot add a partner to the family plan. Weak label agrees.
113,21798,1699018,THANKU FOR PULLING THROUGH,You know where to find us if there's anything else /XF,other,True,out_of_scope,Pure thanks. Nothing to resolve. Weak label agrees.
114,30577,2720085,Can you please answer my DM? Thanks,Hey Nurt! We've just sent you a bit more info over DM. We'll carry on helping out there /RS,other,True,human_requested,Asks the brand to answer an existing DM; a human already owns the conversation. Labelled the same way as row 32. Weak label agrees.
115,22514,1753712,why it says like that? Solution please,"Thanks for the info. If you're trying to join a family plan, can you DM us your username or email address? We'll take a look backstage /PC",other,True,ambiguous,"'Why it says like that? Solution please' - refers to an image we do not have. The brand guessed a family plan, but nothing in the message supports that. Weak label agrees."
116,26741,2364789,When that much needed iPhone X update coming ?,Hi Ben. We hear you - we’re working on it as we speak. Stay tuned! Give us a shout if you need anything else /NH,feature_request,False,none,"iPhone X update timing; same call as rows 12, 39, 92 and 95. Weak label said app_bug; disagree."
117,37659,2979794,i try to upgrade my account to premium version using phone credits as my paymemt method. My phone credit was cutted but my account wasn't got upgrade. Pls help. Thanks!,Hey Stephanie! Help's here. Can you DM us your account's username and email address? We'll check backstage /JL,billing_and_refund,True,billing_dispute,"Phone credit was taken but the upgrade never applied - money moved without delivery, so billing beats the upgrade framing (tie-break 2). Weak label said subscription_plan; disagree."
118,38570,475205,where the frick is your sleep timer!?!? #FirstWorldProblems,"Hey Kristina! A sleep timer is a great idea. Help make it happen by adding support here: If you need anything else, just shout and we'll come running 🏃 /PK",feature_request,False,none,Wants a sleep timer; same call as row 48. 'Frick' is not abuse. Weak label said other; disagree.
119,18016,2673026,experiencing low quality audio on Win10 desktop app thru premium acct: set to HQ but distorting like 128kbps. Any ideas?,"Hey Ryan, help's here! Can you let us know the device and Spotify version you're using? We'll see what we can suggest /GK",playback_issue,False,none,"Audio is distorted despite the high-quality setting - the content plays but comes out wrong, so playback_issue not app_bug (the taxonomy's playback/app_bug boundary). Weak label said app_bug on 'desktop app'; disagree."
120,28911,2567208,what kind of ad??? why is it 2 hours??,Hey there! Can you let us know what the ad's playing? We'll take a closer look /PK,other,True,ambiguous,"A two-question fragment about an unspecified ad with no device, no account and no context; the brand had to ask what the ad was. Weak label agrees."
121,38958,508837,Why does your desktop app open quickly but then take a million damn years to load?,"Hi Jonny! The cavalry's here. What desktop (make and model), operating system, and Spotify version are you using? We'll see what we can suggest /AU",app_bug,False,none,Desktop client takes minutes to become usable; brand runs the app_bug diagnostic. Weak label agrees.
122,25718,2288867,Why isn't Nostalgia Ultra on,Hi Dil! Sometimes content is unavailable due to licensing matters. More info about this here: /DD,content_availability,False,none,Catalogue gap for a named album. Weak label said other; disagree.
123,29362,2605043,where is the album! we need the damn album! #PerfectVelvet !,"Hopefully we'll be able to have it soon, but there's info about Spotify content here: /KM",content_availability,False,none,Catalogue/release-date demand. Weak label agrees.
124,30422,2709269,"I paid for a premium family plan, all the other accounts are working but my account does not receive the premium features. My account username is sarimr_12. Please help with this issue.","Hey Sarim! We can confirm that ""sarimr_12"" is part of a Premium for Family plan. Can you send us a screenshot of your account profile as it appears on the app showing your username? Just go to Your Library and tap on the upper left corner icon. We'll take a closer look /CH",subscription_plan,True,needs_account_access,"On a family plan but not receiving Premium features - plan membership state. The message includes a Spotify username; the guide's pii reason covers card numbers, email addresses and phone numbers, and a username is not one of those, so needs_account_access stands. Weak label said account_access; disagree, they are logged in fine."
125,36081,2910958,"I challenge you to try to purchase an online gift card for a full year of Spotify Premium and really test out your customer experience, it shouldn't be this hard to give you my money! #notelephonesupport",Hey Michelle! We've just replied to your DM. We'll carry on chatting there /K,billing_and_refund,True,billing_dispute,"Cannot complete a gift-card purchase for a year of Premium. A money/checkout problem, so billing beats the UX-complaint framing (tie-break 1). The '#notelephonesupport' jab is not an explicit request for a person, so billing_dispute rather than human_requested. Weak label agrees."
126,21183,8291,"add lyrics to all songs on ur app pls, apple music can do it u can too","Hey! If you’re Premium, you can connect your Spotify account to the Musixmatch mobile app to enjoy lyrics: /JS",feature_request,False,none,Wants lyrics for all songs; brand offers the Musixmatch workaround in-thread. Weak label agrees.
127,35072,2819542,hi i have a problem with my family plan,Hi there! What's happening exactly? Can you DM us your account's email address or username? We'll take a look backstage /NQ,subscription_plan,True,needs_account_access,"'I have a problem with my family plan' and nothing else. The topic is named, so not ambiguous; the plan is account state, and needs_account_access outranks ambiguous in the guide's ordering. Weak label agrees."
128,22687,2034359,"are you working on an apple watch app, and what is your estimated release date? Might cancel subscription for apple music",Hey! Check out the official idea and add your vote to let our devs know it's something you'd like to see: /GU,feature_request,False,none,"WEAK-LABEL TRAP. Asks for an Apple Watch app and a release date; the 'might cancel subscription' line is a rhetorical threat, not a plan request. Weak label said subscription_plan on 'cancel' and 'subscription'; disagree."
129,39768,588864,. why can’t I use a Spotify gift card to pay for spotify yearly?,Hi Susan! It's not currently possible to pay for the yearly deal with a gift card. You can see the available payment methods here: /I,billing_and_refund,True,billing_dispute,"Why a gift card cannot pay for the yearly plan - a payment-method policy question. Same call as row 36; the brand answered it fully in public, which is the accepted cost of escalating the whole money class. Weak label agrees."
130,37154,2942683,"mi sono iscritta ora a Spotify e volevo usufruire della promo 3 mesi a 0,99€! Come fare? Ho potuto attivare solo la settimana di prova gratuita di premium.","Hey! We can help out in English via Twitter, but we also have Italian support via email at /PB",subscription_plan,True,needs_account_access,"non-English (Italian). Just signed up and wants the 3-months-for-0.99 EUR promo but only got the free trial week - promo eligibility on their account. The brand deflected to Italian email support, but per the guide language is not an intent and the row is labelled on content. Weak label said other; disagree."
131,35281,2839344,"I know curators are independent, but would you pass it along that one of these covers would be great for Acoustic Calm playlist? I'm working hard promoting spotify #music #hardworking",Hey there! This sounds like something for our Artist Services friends. You can reach out to them here: /KP,other,True,out_of_scope,"An artist/promoter pitching a cover for an editorial playlist; the brand routes it to Artist Services. Same creator-surface call as rows 3 and 77. Weak label said library_playlist_issue; disagree, it is not their library."
132,30116,2653000,"can't log in, cant log in to post a customer service post about not being able to log in. nice.","Hey there, help's arrived! Could you DM us your account's username or email address? We'll see what we can suggest /RE",account_access,True,needs_account_access,Cannot log in. Weak label agrees.
133,18006,1965850,"min, saya udah beli spotify premium, tp kok ga bisa download ya? pengaturan download via seluler sudah aktif padahal.","Hey! We can help out in English via Twitter, but we also have Indonesian support via email at /AY",library_playlist_issue,False,none,"non-English (Indonesian). Bought Premium but downloads do not work although the mobile-download setting is on - the downloads class, which has a published self-serve answer. The brand deflected to Indonesian email support for language reasons only; labelled on content per the guide. Weak label agrees."
134,28083,2501028,"Hi, Having issues with my payment for subscription going through. Web site just keeps saying processing. Any suggestions?",Hey Roman! Could you DM us your account's username or email address? We'll take a look backstage /TM,billing_and_refund,True,billing_dispute,Subscription payment stuck on 'processing'. Weak label agrees.
135,36533,2919303,sort urself out hun xoxo,Hey Edie! Everything should be running smoothly now. Let us know if this is still happening /FR,other,True,out_of_scope,"'sort urself out hun xoxo' - a snarky jab with no request. Mild condescension aimed at the brand, below the guide's abuse threshold (no slur, no attack on a person), so out_of_scope rather than abusive. Weak label agrees."
136,24641,2239736,I love it when randomly replaces songs on my playlists with their French renditions. #sigh,"Hey Tarik, that doesn't sound right. Can you DM us your account's email address or username? We'll take a look backstage /JE",library_playlist_issue,True,needs_account_access,"Tracks in their own playlists are being swapped for alternate (French) versions - the customer's own content changing, same class as row 94. Unlike 94, the brand's reply carries no explanation at all, just a DM deflect for the account, so guide rule (b)9 escalates it. Weak label agrees."
137,28407,2527148,"hai , mau nanya nih, akun spotify saya kok ga bisa login pas diluar negeri ya?? ada notifikasi kalau harus masukin lokasi gitu diwebsitenya.. bisa dibantu untuk penjelasannya ? thanks :)","Hey Yudhy! We can help out in English via Twitter, but we also have Indonesian support via email at /FR",account_access,True,needs_account_access,"non-English (Indonesian). Cannot log in while abroad; the site asks them to set a location. Overlaps the travel-policy question of row 76, but here they are actually locked out, so account_access. The brand deflected for language only. Weak label agrees."
138,22003,1706424,I had issues with my payment and having issues. Can we talk in DM?,Sure! Can you send us a DM with your account's email address? We'll take a look under the hood /NG,billing_and_refund,True,human_requested,"Payment problem plus an explicit 'can we talk in DM'. The explicit request outranks the money reason, same as row 19. Weak label agrees on intent."
139,28910,2567216,will you guys ever have do a live Spotify session?,"Hi Pedro! We don't have any info on this right now, but we'll let the right team know it's something you'd like to see. If you have questions, just give us a shout /XF",other,True,out_of_scope,"Asks for live Spotify sessions - editorial programming, not a product feature, so the surface test puts it in other/out_of_scope alongside rows 41 and 142. Weak label agrees."
140,30132,2668851,tfw you realize moments before take off that removed all of your downloaded albums from your phone.,Hey Simon. Sorry to hear that! Check out the steps under “Downloads unexpectedly removed” at They should help with this /K,library_playlist_issue,False,none,"Downloaded albums removed from the phone; brand links the 'Downloads unexpectedly removed' article. Weak label said content_availability on 'albums'; disagree, these are the customer's own downloads."
141,18189,1615885,Is there a way to combine playlists on without having to drag each individual song? #help,"Hey there! This isn't possible right now, but you can select all songs by pressing Ctrl + A then click and drag it to your playlist /KL",how_to_question,False,none,Asks for a faster way to merge playlists; the brand answers with a concrete keyboard step. Nothing is lost or broken. Weak label said library_playlist_issue; disagree.
142,19450,1452518,Hey! How do I get my podcast #RandomPodcastGenerator onto Spotify itself? Is there any quick submit form or a way to request?,"Hey there, thanks for your interest! For more info on getting your podcast on Spotify, check out: /JX",other,True,out_of_scope,"CLOSE CALL. A podcaster asking how to publish to Spotify. The brand answered with a public link, but this is the creator surface (Spotify for Podcasters), not customer support - same treatment as rows 77 and 131. The conservative call; noted as a row where the brand auto-handled and the golden does not. Weak label said feature_request; disagree."
143,25551,2293432,I would like to sign up for family plan. We would like to keep our playlists..how?,Hey William! Help's here. Can you DM us your account's email address? We'll take a look backstage /MG,subscription_plan,True,needs_account_access,Wants to move onto a family plan while keeping playlists. Weak label agrees.
144,18020,2673473,does not give me permission to log in cause i deactivated Facebook account . WTF,"Hey, help's here! Can you DM us your account's email address? We'll check backstage /GK",account_access,True,needs_account_access,"Locked out because the linked Facebook account was deactivated. 'WTF' is frustration at the situation, not abuse at a person, so not labelled abusive - the deterministic rule does fire here, a known labeller/rule disagreement (see row 70). Weak label agrees."
145,20957,2011369,was logged out of my account and now all my playlists have gone?!! Why?,"Hi Charmaine, that doesn't sound good. Can you DM us your account's email address? We'll check under the hood /NY",library_playlist_issue,True,needs_account_access,"CLOSE CALL with account_access. Logged out and the playlists are gone. There is no evidence of a hijacked account (contrast row 99), so the intent stays library_playlist_issue - but the brand's reply is a bare DM deflect for the account, so guide rule (b)9 escalates it. Weak label agrees."
146,24708,2234751,"Alright, let’s get #Reputation up now, mmkay?","Hey! Fingers crossed we'll be able to have it soon, but there's info about Spotify content here: /DF",content_availability,False,none,Catalogue demand for a named album. Weak label said other; disagree.
147,32227,21370,Hi please see my DM :),Hi there! Sorry for the delay. We can help revert your account to Free and issue a refund for the payment. Just get back to us with your date of birth and the last 4 digits of your payment card for security /CP,other,True,human_requested,"'Please see my DM' - no content in the message; a human already owns the thread. Same call as rows 32 and 114. Worth noting the brand's reply asks for date of birth and the last four card digits: exactly the data that must never be collected in public, and a good illustration of why these rows go to a human. Weak label agrees."
148,26227,2310870,"hello, u keep charging me for two months and i dont even have premium.",Hi there! Can you DM us your account's email address or username? We'll take a look backstage /NQ,billing_and_refund,True,billing_dispute,Charged for two months without Premium. Weak label agrees.
149,27215,2410567,Yo I cancelled my premium account last month why was I charged again for this month 😒,Hey Madison! Can you DM us your username or email address? We'll take a look under the hood /NH,billing_and_refund,True,billing_dispute,Charged after cancelling. Weak label agrees.
150,21627,1682041,"Hi, I’ve just bought Spotify premium but I’ve received two receipts, does this mean I’ve been charged twice?","Hey Shannon, help's here! Could you DM us with your account's email address and username? We'll take a look backstage /TB",billing_and_refund,True,billing_dispute,Two receipts for one purchase - a possible double charge. Weak label agrees.
151,34324,1842975,Hey how do I change my account from a regular account to a student account? I’ve been a student for about 4 months and I haven’t had any help with this.,Hi there! Could you DM us your account's email address? We'll take a look backstage /AU,subscription_plan,True,needs_account_access,Switching to the student plan; how-to phrasing over an account operation (tie-break 5). Weak label agrees.
152,24557,2218887,.... so like when is #reputation going to be available on Spotify??,"Hey Fiona. Reputation' isn't available to stream just yet – stay tuned! For now, check out the singles: /B",content_availability,False,none,Release timing for an album not yet on the service. Weak label agrees.
153,28630,2552622,When says the next 30 min of music is ad free and then plays one song before playing another ad 🤔,"Hey Sarah, that doesn't sound good! Did the app crash at any point during the 30 minutes? That can cause the ad-free time to reset /AU",playback_issue,False,none,The promised 30 minutes of ad-free music is interrupted by an ad. The taxonomy rejected an ads_complaint intent and routes cases like this to playback; the brand's reply (did the app crash?) treats it as a playback fault. Weak label agrees.
154,31392,2777742,"trying to renew my premium, won’t take a credit card and my bank statement is a mess. Help a brother out","Hey Brandyn, we'd love to help! Can you DM us your account's username/email address? If you're getting any error message, you can also include the screenshot in your message. We'll take a look backstage /JP",billing_and_refund,True,billing_dispute,Renewal will not accept the card. Weak label agrees.
155,34231,1049680,I'm on Android (a Pixel specifically) and when I'm casting my phone's volume keys/media controls menus don't adjust the Chromecast volume like they used to (in or out of the actual Spotify app).,Hi Carter! That's not cool. Can you let us know the Android and Spotify versions you're rocking? /QI,app_bug,False,none,"CLOSE CALL. Phone volume keys stopped controlling Chromecast volume after an update. The audio plays fine, so it is not playback; it is a device-integration regression, which the taxonomy explicitly folds into app_bug, and the brand runs the app_bug version diagnostic. Weak label said playback_issue on 'volume'; disagree."
156,31900,2805317,put their music on Spotify already damn please,"Hey, we'd love to have them on Spotify! Hopefully we will in the future. Check this out: /RB",content_availability,False,none,Catalogue request. Weak label agrees.
157,30567,2718583,any update on when Reputation will be on Spotify?,"Hey Angelica! We’ll have it available to you as soon as it’s available to us. For now, check out the singles: /JT",content_availability,False,none,"WEAK-LABEL TRAP. Release timing for an album. Weak label said app_bug because the message contains the word 'update'; disagree, nothing is broken."
158,18170,1287613,Benediction songs you recommend me are no from the Benediction band I like :) Hint:,"Hi Andrés, help's here! Can you let us know what's happening exactly? We'll see what we can suggest /NH",content_availability,False,none,"Recommendations surface a different band with the same name - an artist-identity collision in the catalogue, the listener-side version of row 77. Brand did not understand it. Weak label said other; disagree, the complaint is legible."
159,31252,2776181,"Despite logging out of everywhere and changing my password, someone is STILL using my account and saving their own playlists?!","Hey Charlotte, we’re sorry to hear that. Check out for what to do next /Q",account_access,True,needs_account_access,"Someone is still using the account after a password change and a global logout - an active compromise. Brand answered with the self-serve hacked-account link; still escalated, same as row 103, because no agent should leave an active intrusion to a link. Weak label agrees."
